{"cameraMode":{"drawMode":0,"name":"Shaded","section":"Shading Mode"},"sceneLighting":false,"audioPlay":false,"sceneViewState":{"showFog":true,"showMaterialUpdate":false,"showSkybox":false,"showFlares":true,"showImageEffects":true,"showParticleSystems":true},"in2DMode":false,"pivot":{"x":-1.7881393432617188e-7,"y":1.2364201545715333,"z":-0.34718573093414309},"rotation":{"x":-0.2841922342777252,"y":-0.5052586793899536,"z":0.1807197481393814,"w":-0.7945430874824524},"size":2.5366179943084719,"orthographic":false}