{"cameraMode":{"drawMode":0,"name":"Shaded","section":"Shading Mode"},"sceneLighting":true,"audioPlay":false,"sceneViewState":{"showFog":true,"showMaterialUpdate":false,"showSkybox":false,"showFlares":true,"showImageEffects":true,"showParticleSystems":true},"in2DMode":false,"pivot":{"x":338.62542724609377,"y":2.365718126296997,"z":169.92352294921876},"rotation":{"x":-0.31320708990097048,"y":0.626441478729248,"z":-0.3037676513195038,"w":-0.6459174752235413},"size":3.9990780353546144,"orthographic":false}